{
  "LinearRegression": {
    "mae": 2474.6117543544024,
    "rmse": 2889.8292789282477,
    "r2": -0.004897553178026204
  },
  "DecisionTree": {
    "mae": 3146.517367323558,
    "rmse": 3926.694356530701,
    "r2": -0.8553746198050458
  },
  "RandomForest": {
    "mae": 2503.4196778453584,
    "rmse": 2964.902777931567,
    "r2": -0.05778725237527205
  }
}