{
  "LinearRegression": {
    "MAE": 41.96450964383562,
    "MSE": 2817.8082927304768,
    "R2": 0.5103942580624734
  },
  "DecisionTree": {
    "MAE": 65.10958904109589,
    "MSE": 6679.534246575343,
    "R2": -0.16059645683796897
  },
  "RandomForest": {
    "MAE": 45.25732876712328,
    "MSE": 3211.313292465753,
    "R2": 0.4420211512586657
  }
}