{
  "LinearRegression": {
    "mae": 2594.6278758516937,
    "rmse": 2944.8666177924606,
    "r2": -0.0026535017843447584
  },
  "DecisionTree": {
    "mae": 2991.642326277663,
    "rmse": 3652.947578850935,
    "r2": -0.542788869035872
  },
  "RandomForest": {
    "mae": 2600.9309858766114,
    "rmse": 2993.7731604414585,
    "r2": -0.03623295052028963
  }
}