{
  "LinearRegression": {
    "mae": 2705.160890844898,
    "rmse": 3115.1718791133962,
    "r2": -0.014829376317196274
  },
  "DecisionTree": {
    "mae": 3403.4345707535836,
    "rmse": 4259.987546164653,
    "r2": -0.8977791093840468
  },
  "RandomForest": {
    "mae": 2600.316341719135,
    "rmse": 3070.01215290439,
    "r2": 0.014380715961855195
  }
}